H,T,d,merge_n,lower_mac_count,query_tokens,batch_size,bandwidth_bpc,freq_ghz,mode,array_rows,array_cols,pipeline_cycles,pipeline_latency_cyc,pipeline_depth_steps,throughput_cyc_per_tok,column_dwell_cyc,packet_stagger_cyc,upper_pe_util_pct,total_dram_bytes,total_dram_mb,memory_cycles,bound_cycles,bottleneck,cyc_per_sequence,latency_us,crossover_bw_bpc,crossover_bw_gbs,kv_roofline_cyc,baseline_roofline_cyc,roofline_speedup,k_buffer_mb,k_buf_per_pe_bytes,sync_buffer_kb,dot_product_macs,value_macs,total_macs
64,128,128,0,1,1,1,512,1.0,decode,64,128,25785,25785,191,135,135,128,5.47,98304,0.098,192,25785,compute,25785.0,25.785,3.8,3.8,384,512,1.3333,2.097,256,0.0,1048576,3145728,4194304
64,128,128,3,16,1,1,512,1.0,decode,512,16,71145,71145,527,135,135,128,5.47,98304,0.098,192,71145,compute,71145.0,71.145,1.4,1.4,192,512,2.6667,2.097,256,0.0,1048576,3145728,4194304
64,512,128,0,1,1,1,512,1.0,decode,64,512,77625,77625,575,135,135,128,5.47,294912,0.295,576,77625,compute,77625.0,77.625,3.8,3.8,1536,2048,1.3333,8.389,256,0.0,4194304,12582912,16777216
64,512,128,3,16,1,1,512,1.0,decode,512,64,77625,77625,575,135,135,128,5.47,294912,0.295,576,77625,compute,77625.0,77.625,3.8,3.8,576,2048,3.5556,8.389,256,0.0,4194304,12582912,16777216
64,1024,128,0,1,1,1,512,1.0,decode,64,1024,146745,146745,1087,135,135,128,5.47,557056,0.557,1088,146745,compute,146745.0,146.745,3.8,3.8,3072,4096,1.3333,16.777,256,0.0,8388608,25165824,33554432
64,1024,128,3,16,1,1,512,1.0,decode,512,128,86265,86265,639,135,135,128,5.47,557056,0.557,1088,86265,compute,86265.0,86.265,6.5,6.5,1088,4096,3.7647,16.777,256,0.0,8388608,25165824,33554432
64,2048,128,0,1,1,1,512,1.0,decode,64,2048,284985,284985,2111,135,135,128,5.47,1081344,1.081,2112,284985,compute,284985.0,284.985,3.8,3.8,6144,8192,1.3333,33.554,256,0.0,16777216,50331648,67108864
64,2048,128,3,16,1,1,512,1.0,decode,512,256,103545,103545,767,135,135,128,5.47,1081344,1.081,2112,103545,compute,103545.0,103.545,10.4,10.4,2112,8192,3.8788,33.554,256,0.0,16777216,50331648,67108864
64,4096,128,0,1,1,1,512,1.0,decode,64,4096,561465,561465,4159,135,135,128,5.47,2129920,2.13,4160,561465,compute,561465.0,561.465,3.8,3.8,12288,16384,1.3333,67.109,256,0.0,33554432,100663296,134217728
64,4096,128,3,16,1,1,512,1.0,decode,512,512,138105,138105,1023,135,135,128,5.47,2129920,2.13,4160,138105,compute,138105.0,138.105,15.4,15.4,4160,16384,3.9385,67.109,256,0.0,33554432,100663296,134217728
64,8192,128,0,1,1,1,512,1.0,decode,64,8192,1114425,1114425,8255,135,135,128,5.47,4227072,4.227,8256,1114425,compute,1114425.0,1114.425,3.8,3.8,24576,32768,1.3333,134.218,256,0.0,67108864,201326592,268435456
64,8192,128,3,16,1,1,512,1.0,decode,512,1024,207225,207225,1535,135,135,128,5.47,4227072,4.227,8256,207225,compute,207225.0,207.225,20.4,20.4,8256,32768,3.969,134.218,256,0.0,67108864,201326592,268435456
64,128,128,0,1,128,1,512,1.0,prefill,64,128,42041,25785,191,128,135,128,5.47,4259840,4.26,8320,42041,compute,42041.0,42.041,101.3,101.3,49152,65536,1.3333,2.097,256,0.0,134217728,402653184,536870912
64,128,128,0,16,128,1,512,1.0,prefill,64,128,26801,25785,191,8,135,8,87.5,4259840,4.26,8320,26801,compute,26801.0,26.801,158.9,158.9,49152,65536,1.3333,2.097,256,0.0,134217728,402653184,536870912
64,128,128,3,16,128,1,512,1.0,prefill,512,16,72161,71145,527,8,135,8,87.5,4259840,4.26,8320,72161,compute,72161.0,72.161,59.0,59.0,8320,65536,7.8769,2.097,256,0.0,134217728,402653184,536870912
64,512,128,0,1,512,1,512,1.0,prefill,64,512,143033,77625,575,128,135,128,5.47,17039360,17.039,33280,143033,compute,143033.0,143.033,119.1,119.1,786432,1048576,1.3333,8.389,256,0.0,2147483648,6442450944,8589934592
64,512,128,0,16,512,1,512,1.0,prefill,64,512,81713,77625,575,8,135,8,87.5,17039360,17.039,33280,81713,compute,81713.0,81.713,208.5,208.5,786432,1048576,1.3333,8.389,256,0.0,2147483648,6442450944,8589934592
64,512,128,3,16,512,1,512,1.0,prefill,512,64,81713,77625,575,8,135,8,87.5,17039360,17.039,33280,81713,compute,81713.0,81.713,208.5,208.5,98304,1048576,10.6667,8.389,256,0.0,2147483648,6442450944,8589934592
64,1024,128,0,1,1024,1,512,1.0,prefill,64,1024,277689,146745,1087,128,135,128,5.47,34078720,34.079,66560,277689,compute,277689.0,277.689,122.7,122.7,3145728,4194304,1.3333,16.777,256,0.0,8589934592,25769803776,34359738368
64,1024,128,0,16,1024,1,512,1.0,prefill,64,1024,154929,146745,1087,8,135,8,87.5,34078720,34.079,66560,154929,compute,154929.0,154.929,220.0,220.0,3145728,4194304,1.3333,16.777,256,0.0,8589934592,25769803776,34359738368
64,1024,128,3,16,1024,1,512,1.0,prefill,512,128,94449,86265,639,8,135,8,87.5,34078720,34.079,66560,94449,compute,94449.0,94.449,360.8,360.8,393216,4194304,10.6667,16.777,256,0.0,8589934592,25769803776,34359738368
64,2048,128,0,1,2048,1,512,1.0,prefill,64,2048,547001,284985,2111,128,135,128,5.47,68157440,68.157,133120,547001,compute,547001.0,547.001,124.6,124.6,12582912,16777216,1.3333,33.554,256,0.0,34359738368,103079215104,137438953472
64,2048,128,0,16,2048,1,512,1.0,prefill,64,2048,301361,284985,2111,8,135,8,87.5,68157440,68.157,133120,301361,compute,301361.0,301.361,226.2,226.2,12582912,16777216,1.3333,33.554,256,0.0,34359738368,103079215104,137438953472
64,2048,128,3,16,2048,1,512,1.0,prefill,512,256,131328,103545,767,8,135,8,87.5,68157440,68.157,133120,133120,memory,133120.0,133.12,519.0,519.0,1572864,16777216,10.6667,33.554,256,0.0,34359738368,103079215104,137438953472
64,4096,128,0,1,4096,1,512,1.0,prefill,64,4096,1085625,561465,4159,128,135,128,5.47,136314880,136.315,266240,1085625,compute,1085625.0,1085.625,125.6,125.6,50331648,67108864,1.3333,67.109,256,0.0,137438953472,412316860416,549755813888
64,4096,128,0,16,4096,1,512,1.0,prefill,64,4096,594225,561465,4159,8,135,8,87.5,136314880,136.315,266240,594225,compute,594225.0,594.225,229.4,229.4,50331648,67108864,1.3333,67.109,256,0.0,137438953472,412316860416,549755813888
64,4096,128,3,16,4096,1,512,1.0,prefill,512,512,262656,138105,1023,8,135,8,87.5,136314880,136.315,266240,266240,memory,266240.0,266.24,519.0,519.0,6291456,67108864,10.6667,67.109,256,0.0,137438953472,412316860416,549755813888
64,8192,128,0,1,8192,1,512,1.0,prefill,64,8192,2162873,1114425,8255,128,135,128,5.47,272629760,272.63,532480,2162873,compute,2162873.0,2162.873,126.0,126.0,201326592,268435456,1.3333,134.218,256,0.0,549755813888,1649267441664,2199023255552
64,8192,128,0,16,8192,1,512,1.0,prefill,64,8192,1179953,1114425,8255,8,135,8,87.5,272629760,272.63,532480,1179953,compute,1179953.0,1179.953,231.1,231.1,201326592,268435456,1.3333,134.218,256,0.0,549755813888,1649267441664,2199023255552
64,8192,128,3,16,8192,1,512,1.0,prefill,512,1024,525312,207225,1535,8,135,8,87.5,272629760,272.63,532480,532480,memory,532480.0,532.48,519.0,519.0,25165824,268435456,10.6667,134.218,256,0.0,549755813888,1649267441664,2199023255552
64,8192,128,0,1,1,1,512,1.0,decode,64,8192,1114425,1114425,8255,135,135,128,5.47,4227072,4.227,8256,1114425,compute,1114425.0,1114.425,3.8,3.8,24576,32768,1.3333,134.218,256,0.0,67108864,201326592,268435456
64,8192,128,3,16,1,1,512,1.0,decode,512,1024,207225,207225,1535,135,135,128,5.47,4227072,4.227,8256,207225,compute,207225.0,207.225,20.4,20.4,8256,32768,3.969,134.218,256,0.0,67108864,201326592,268435456
64,8192,128,0,1,8192,1,512,1.0,prefill,64,8192,2162873,1114425,8255,128,135,128,5.47,272629760,272.63,532480,2162873,compute,2162873.0,2162.873,126.0,126.0,201326592,268435456,1.3333,134.218,256,0.0,549755813888,1649267441664,2199023255552
64,8192,128,0,16,8192,1,512,1.0,prefill,64,8192,1179953,1114425,8255,8,135,8,87.5,272629760,272.63,532480,1179953,compute,1179953.0,1179.953,231.1,231.1,201326592,268435456,1.3333,134.218,256,0.0,549755813888,1649267441664,2199023255552
64,8192,128,3,16,8192,1,512,1.0,prefill,512,1024,525312,207225,1535,8,135,8,87.5,272629760,272.63,532480,532480,memory,532480.0,532.48,519.0,519.0,25165824,268435456,10.6667,134.218,256,0.0,549755813888,1649267441664,2199023255552
64,8192,128,0,1,1,1,1024,1.0,decode,64,8192,1114425,1114425,8255,135,135,128,5.47,4227072,4.227,4128,1114425,compute,1114425.0,1114.425,3.8,3.8,24576,32768,1.3333,134.218,256,0.0,67108864,201326592,268435456
64,8192,128,3,16,1,1,1024,1.0,decode,512,1024,207225,207225,1535,135,135,128,5.47,4227072,4.227,4128,207225,compute,207225.0,207.225,20.4,20.4,4128,32768,7.938,134.218,256,0.0,67108864,201326592,268435456
64,8192,128,0,1,8192,1,1024,1.0,prefill,64,8192,2162873,1114425,8255,128,135,128,5.47,272629760,272.63,266240,2162873,compute,2162873.0,2162.873,126.0,126.0,201326592,268435456,1.3333,134.218,256,0.0,549755813888,1649267441664,2199023255552
64,8192,128,0,16,8192,1,1024,1.0,prefill,64,8192,1179953,1114425,8255,8,135,8,87.5,272629760,272.63,266240,1179953,compute,1179953.0,1179.953,231.1,231.1,201326592,268435456,1.3333,134.218,256,0.0,549755813888,1649267441664,2199023255552
64,8192,128,3,16,8192,1,1024,1.0,prefill,512,1024,272753,207225,1535,8,135,8,87.5,272629760,272.63,266240,272753,compute,272753.0,272.753,999.5,999.5,25165824,268435456,10.6667,134.218,256,0.0,549755813888,1649267441664,2199023255552
64,8192,128,0,1,1,1,2048,1.0,decode,64,8192,1114425,1114425,8255,135,135,128,5.47,4227072,4.227,2064,1114425,compute,1114425.0,1114.425,3.8,3.8,24576,32768,1.3333,134.218,256,0.0,67108864,201326592,268435456
64,8192,128,3,16,1,1,2048,1.0,decode,512,1024,207225,207225,1535,135,135,128,5.47,4227072,4.227,2064,207225,compute,207225.0,207.225,20.4,20.4,3072,32768,10.6667,134.218,256,0.0,67108864,201326592,268435456
64,8192,128,0,1,8192,1,2048,1.0,prefill,64,8192,2162873,1114425,8255,128,135,128,5.47,272629760,272.63,133120,2162873,compute,2162873.0,2162.873,126.0,126.0,201326592,268435456,1.3333,134.218,256,0.0,549755813888,1649267441664,2199023255552
64,8192,128,0,16,8192,1,2048,1.0,prefill,64,8192,1179953,1114425,8255,8,135,8,87.5,272629760,272.63,133120,1179953,compute,1179953.0,1179.953,231.1,231.1,201326592,268435456,1.3333,134.218,256,0.0,549755813888,1649267441664,2199023255552
64,8192,128,3,16,8192,1,2048,1.0,prefill,512,1024,272753,207225,1535,8,135,8,87.5,272629760,272.63,133120,272753,compute,272753.0,272.753,999.5,999.5,25165824,268435456,10.6667,134.218,256,0.0,549755813888,1649267441664,2199023255552
64,8192,128,0,1,1,1,4096,1.0,decode,64,8192,1114425,1114425,8255,135,135,128,5.47,4227072,4.227,1032,1114425,compute,1114425.0,1114.425,3.8,3.8,24576,32768,1.3333,134.218,256,0.0,67108864,201326592,268435456
64,8192,128,3,16,1,1,4096,1.0,decode,512,1024,207225,207225,1535,135,135,128,5.47,4227072,4.227,1032,207225,compute,207225.0,207.225,20.4,20.4,3072,32768,10.6667,134.218,256,0.0,67108864,201326592,268435456
64,8192,128,0,1,8192,1,4096,1.0,prefill,64,8192,2162873,1114425,8255,128,135,128,5.47,272629760,272.63,66560,2162873,compute,2162873.0,2162.873,126.0,126.0,201326592,268435456,1.3333,134.218,256,0.0,549755813888,1649267441664,2199023255552
64,8192,128,0,16,8192,1,4096,1.0,prefill,64,8192,1179953,1114425,8255,8,135,8,87.5,272629760,272.63,66560,1179953,compute,1179953.0,1179.953,231.1,231.1,201326592,268435456,1.3333,134.218,256,0.0,549755813888,1649267441664,2199023255552
64,8192,128,3,16,8192,1,4096,1.0,prefill,512,1024,272753,207225,1535,8,135,8,87.5,272629760,272.63,66560,272753,compute,272753.0,272.753,999.5,999.5,25165824,268435456,10.6667,134.218,256,0.0,549755813888,1649267441664,2199023255552
64,8192,128,0,1,1,1,8192,1.0,decode,64,8192,1114425,1114425,8255,135,135,128,5.47,4227072,4.227,516,1114425,compute,1114425.0,1114.425,3.8,3.8,24576,32768,1.3333,134.218,256,0.0,67108864,201326592,268435456
64,8192,128,3,16,1,1,8192,1.0,decode,512,1024,207225,207225,1535,135,135,128,5.47,4227072,4.227,516,207225,compute,207225.0,207.225,20.4,20.4,3072,32768,10.6667,134.218,256,0.0,67108864,201326592,268435456
64,8192,128,0,1,8192,1,8192,1.0,prefill,64,8192,2162873,1114425,8255,128,135,128,5.47,272629760,272.63,33280,2162873,compute,2162873.0,2162.873,126.0,126.0,201326592,268435456,1.3333,134.218,256,0.0,549755813888,1649267441664,2199023255552
64,8192,128,0,16,8192,1,8192,1.0,prefill,64,8192,1179953,1114425,8255,8,135,8,87.5,272629760,272.63,33280,1179953,compute,1179953.0,1179.953,231.1,231.1,201326592,268435456,1.3333,134.218,256,0.0,549755813888,1649267441664,2199023255552
64,8192,128,3,16,8192,1,8192,1.0,prefill,512,1024,272753,207225,1535,8,135,8,87.5,272629760,272.63,33280,272753,compute,272753.0,272.753,999.5,999.5,25165824,268435456,10.6667,134.218,256,0.0,549755813888,1649267441664,2199023255552
64,8192,128,0,1,1,1,16384,1.0,decode,64,8192,1114425,1114425,8255,135,135,128,5.47,4227072,4.227,258,1114425,compute,1114425.0,1114.425,3.8,3.8,24576,32768,1.3333,134.218,256,0.0,67108864,201326592,268435456
64,8192,128,3,16,1,1,16384,1.0,decode,512,1024,207225,207225,1535,135,135,128,5.47,4227072,4.227,258,207225,compute,207225.0,207.225,20.4,20.4,3072,32768,10.6667,134.218,256,0.0,67108864,201326592,268435456
64,8192,128,0,1,8192,1,16384,1.0,prefill,64,8192,2162873,1114425,8255,128,135,128,5.47,272629760,272.63,16640,2162873,compute,2162873.0,2162.873,126.0,126.0,201326592,268435456,1.3333,134.218,256,0.0,549755813888,1649267441664,2199023255552
64,8192,128,0,16,8192,1,16384,1.0,prefill,64,8192,1179953,1114425,8255,8,135,8,87.5,272629760,272.63,16640,1179953,compute,1179953.0,1179.953,231.1,231.1,201326592,268435456,1.3333,134.218,256,0.0,549755813888,1649267441664,2199023255552
64,8192,128,3,16,8192,1,16384,1.0,prefill,512,1024,272753,207225,1535,8,135,8,87.5,272629760,272.63,16640,272753,compute,272753.0,272.753,999.5,999.5,25165824,268435456,10.6667,134.218,256,0.0,549755813888,1649267441664,2199023255552
64,8192,128,3,16,1,1,2300,0.5,decode,512,1024,207225,207225,1535,135,135,128,5.47,4227072,4.227,1838,207225,compute,207225.0,414.45,20.4,10.2,3072,32768,10.6667,134.218,256,0.0,67108864,201326592,268435456
64,8192,128,3,16,8192,1,2300,0.5,prefill,512,1024,272753,207225,1535,8,135,8,87.5,272629760,272.63,118535,272753,compute,272753.0,545.506,999.5,499.8,25165824,268435456,10.6667,134.218,256,0.0,549755813888,1649267441664,2199023255552
64,8192,128,3,16,1,1,1437,0.8,decode,512,1024,207225,207225,1535,135,135,128,5.47,4227072,4.227,2942,207225,compute,207225.0,259.031,20.4,16.3,3072,32768,10.6667,134.218,256,0.0,67108864,201326592,268435456
64,8192,128,3,16,8192,1,1437,0.8,prefill,512,1024,272753,207225,1535,8,135,8,87.5,272629760,272.63,189722,272753,compute,272753.0,340.941,999.5,799.6,25165824,268435456,10.6667,134.218,256,0.0,549755813888,1649267441664,2199023255552
64,8192,128,3,16,1,1,1150,1.0,decode,512,1024,207225,207225,1535,135,135,128,5.47,4227072,4.227,3676,207225,compute,207225.0,207.225,20.4,20.4,3676,32768,8.914,134.218,256,0.0,67108864,201326592,268435456
64,8192,128,3,16,8192,1,1150,1.0,prefill,512,1024,272753,207225,1535,8,135,8,87.5,272629760,272.63,237070,272753,compute,272753.0,272.753,999.5,999.5,25165824,268435456,10.6667,134.218,256,0.0,549755813888,1649267441664,2199023255552
64,8192,128,3,16,1,1,1000,1.15,decode,512,1024,207225,207225,1535,135,135,128,5.47,4227072,4.227,4228,207225,compute,207225.0,180.196,20.4,23.5,4228,32768,7.7502,134.218,256,0.0,67108864,201326592,268435456
64,8192,128,3,16,8192,1,1000,1.15,prefill,512,1024,272753,207225,1535,8,135,8,87.5,272629760,272.63,272630,272753,compute,272753.0,237.177,999.5,1149.5,25165824,268435456,10.6667,134.218,256,0.0,549755813888,1649267441664,2199023255552
64,8192,128,3,16,1,1,575,2.0,decode,512,1024,207225,207225,1535,135,135,128,5.47,4227072,4.227,7352,207225,compute,207225.0,103.613,20.4,40.8,7352,32768,4.457,134.218,256,0.0,67108864,201326592,268435456
64,8192,128,3,16,8192,1,575,2.0,prefill,512,1024,467758,207225,1535,8,135,8,87.5,272629760,272.63,474139,474139,memory,474139.0,237.07,582.8,1165.7,25165824,268435456,10.6667,134.218,256,0.0,549755813888,1649267441664,2199023255552
64,8192,128,3,16,1,1,500,2.3,decode,512,1024,207225,207225,1535,135,135,128,5.47,4227072,4.227,8455,207225,compute,207225.0,90.098,20.4,46.9,8455,32768,3.8756,134.218,256,0.0,67108864,201326592,268435456
64,8192,128,3,16,8192,1,500,2.3,prefill,512,1024,537921,207225,1535,8,135,8,87.5,272629760,272.63,545260,545260,memory,545260.0,237.07,506.8,1165.7,25165824,268435456,10.6667,134.218,256,0.0,549755813888,1649267441664,2199023255552
64,8192,128,3,16,1,1,287,4.0,decode,512,1024,207225,207225,1535,135,135,128,5.47,4227072,4.227,14729,207225,compute,207225.0,51.806,20.4,81.6,14729,32768,2.2247,134.218,256,0.0,67108864,201326592,268435456
64,8192,128,3,16,8192,1,287,4.0,prefill,512,1024,937143,207225,1535,8,135,8,87.5,272629760,272.63,949930,949930,memory,949930.0,237.482,290.9,1163.7,25165824,268435456,10.6667,134.218,256,0.0,549755813888,1649267441664,2199023255552
64,8192,128,3,16,1,1,512,1.0,decode,512,1024,207225,207225,1535,135,135,128,5.47,4227072,4.227,8256,207225,compute,207225.0,207.225,20.4,20.4,8256,32768,3.969,134.218,256,0.0,67108864,201326592,268435456
64,8192,128,3,16,1,2,512,1.0,decode,512,1024,207289,207225,1535,68,135,64,10.94,8454144,8.454,16512,207289,compute,103644.5,207.289,40.8,40.8,16512,65536,3.969,134.218,256,0.0,134217728,402653184,536870912
64,8192,128,3,16,1,4,512,1.0,decode,512,1024,207321,207225,1535,34,135,32,21.88,16908288,16.908,33024,207321,compute,51830.2,207.321,81.6,81.6,33024,131072,3.969,134.218,256,0.0,268435456,805306368,1073741824
64,8192,128,3,16,1,8,512,1.0,decode,512,1024,207337,207225,1535,17,135,16,43.75,33816576,33.817,66048,207337,compute,25917.1,207.337,163.1,163.1,66048,262144,3.969,134.218,256,0.0,536870912,1610612736,2147483648
64,8192,128,3,16,1,16,512,1.0,decode,512,1024,207345,207225,1535,9,135,8,87.5,67633152,67.633,132096,207345,compute,12959.1,207.345,326.2,326.2,132096,524288,3.969,134.218,256,0.0,1073741824,3221225472,4294967296
64,8192,128,3,16,1,32,512,1.0,decode,512,1024,207473,207225,1535,8,135,8,87.5,135266304,135.266,264192,264192,memory,8256.0,264.192,652.0,652.0,264192,1048576,3.969,134.218,256,0.0,2147483648,6442450944,8589934592
64,8192,128,3,16,1,64,512,1.0,decode,512,1024,207729,207225,1535,8,135,8,87.5,270532608,270.533,528384,528384,memory,8256.0,528.384,1302.3,1302.3,528384,2097152,3.969,134.218,256,0.0,4294967296,12884901888,17179869184
