array_shape,baseline_dram_reads,baseline_dram_writes,baseline_memory_stall_cycles,baseline_over_kv_cycle_ratio,baseline_stage_names,baseline_total_cycles,baseline_total_dram,baseline_total_sram,baseline_weighted_pe_utilization,batch_size,decode_tokens,dram_read_ratio_baseline_over_kv,dram_write_ratio_baseline_over_kv,experiment_id,head_dim,kv_dram_reads,kv_dram_writes,kv_heads,kv_memory_stall_cycles,kv_over_baseline_cycle_ratio,kv_preload_bandwidth_cycles,kv_stage_names,kv_total_cycles,kv_total_dram,kv_total_sram,kv_weighted_pe_utilization,memory_stall_cycles_delta_kv_minus_baseline,precision,query_heads,sequence_length,sram_ratio_baseline_over_kv,total_dram_ratio_baseline_over_kv,weighted_pe_utilization_delta_kv_minus_baseline
8x8,10240.0,1536.0,0.0,0.07828687642062447,score_gemm|softmax_reduce|value_gemm|writeback,3272.0,11776.0,11776.0,0.45232273838630804,1,1,0.6060606060606061,3.0,1,64,16896.0,512.0,2,0.0,12.773533007334963,2048.0,kv_preload|query_stream|online_softmax_accum|final_normalize|writeback,41795.0,17408.0,102912.0,0.9994975475535351,0.0,int8,8,64,0.11442786069651742,0.6764705882352942,0.547174809167227
8x8,19456.0,2560.0,0.0,0.07849676756691439,score_gemm|softmax_reduce|value_gemm|writeback,6496.0,22016.0,22016.0,0.4482758620689655,1,1,0.5846153846153846,5.0,10,64,33280.0,512.0,2,0.0,12.739378078817735,4096.0,kv_preload|query_stream|online_softmax_accum|final_normalize|writeback,82755.0,33792.0,203264.0,0.9997462388979518,0.0,int8,8,128,0.10831234256926953,0.6515151515151515,0.5514703768289863
16x16,19456.0,2560.0,0.0,0.06483166796676695,score_gemm|softmax_reduce|value_gemm|writeback,5236.0,22016.0,22016.0,0.13330786860198626,1,1,0.5846153846153846,5.0,11,64,33280.0,512.0,2,0.0,15.424560733384263,4096.0,kv_preload|query_stream|online_softmax_accum|final_normalize|writeback,80763.0,33792.0,203264.0,0.5126047818926984,0.0,int8,8,128,0.10831234256926953,0.6515151515151515,0.37929691329071213
32x32,19456.0,2560.0,0.0,0.058204829975362374,score_gemm|softmax_reduce|value_gemm|writeback,4654.0,22016.0,22016.0,0.036850021486892995,1,1,0.5846153846153846,5.0,12,64,33280.0,512.0,2,0.0,17.180704770090244,4096.0,kv_preload|query_stream|online_softmax_accum|final_normalize|writeback,79959.0,33792.0,203264.0,0.25959671519153565,0.0,int8,8,128,0.10831234256926953,0.6515151515151515,0.22274669370464267
8x8,28672.0,10240.0,0.0,0.0815253370481578,score_gemm|softmax_reduce|value_gemm|writeback,25984.0,38912.0,38912.0,0.4482758620689655,1,4,0.8235294117647058,5.0,13,64,34816.0,2048.0,2,0.0,12.266125307881774,4096.0,kv_preload|query_stream|online_softmax_accum|final_normalize|writeback,318723.0,36864.0,616448.0,0.9997364482638529,0.0,int8,8,128,0.06312292358803986,1.0555555555555556,0.5514605861948874
16x16,28672.0,10240.0,0.0,0.058949202071426995,score_gemm|softmax_reduce|value_gemm|writeback,18680.0,38912.0,38912.0,0.1777301927194861,1,4,0.8235294117647058,5.0,14,64,34816.0,2048.0,2,0.0,16.963758029978585,4096.0,kv_preload|query_stream|online_softmax_accum|final_normalize|writeback,316883.0,36864.0,616448.0,0.9998579917508986,0.0,int8,8,128,0.06312292358803986,1.0555555555555556,0.8221277990314125
32x32,28672.0,10240.0,0.0,0.05356393037888762,score_gemm|softmax_reduce|value_gemm|writeback,16966.0,38912.0,38912.0,0.06448190498644348,1,4,0.8235294117647058,5.0,15,64,34816.0,2048.0,2,0.0,18.669279735942474,4096.0,kv_preload|query_stream|online_softmax_accum|final_normalize|writeback,316743.0,36864.0,616448.0,0.9998898949621617,0.0,int8,8,128,0.06312292358803986,1.0555555555555556,0.9354079899757183
8x8,40960.0,20480.0,0.0,0.08205296622546566,score_gemm|softmax_reduce|value_gemm|writeback,51968.0,61440.0,61440.0,0.4482758620689655,1,8,1.1111111111111112,5.0,16,64,36864.0,4096.0,2,0.0,12.187249846059114,4096.0,kv_preload|query_stream|online_softmax_accum|final_normalize|writeback,633347.0,40960.0,1167360.0,0.9997347425660814,0.0,int8,8,128,0.05263157894736842,1.5,0.5514588804971159
16x16,40960.0,20480.0,0.0,0.059140593463824664,score_gemm|softmax_reduce|value_gemm|writeback,37360.0,61440.0,61440.0,0.1777301927194861,1,8,1.1111111111111112,5.0,17,64,36864.0,4096.0,2,0.0,16.908859743040686,4096.0,kv_preload|query_stream|online_softmax_accum|final_normalize|writeback,631715.0,40960.0,1167360.0,0.9998575306902638,0.0,int8,8,128,0.05263157894736842,1.5,0.8221273379707777
32x32,40960.0,20480.0,0.0,0.05365090859644657,score_gemm|softmax_reduce|value_gemm|writeback,33932.0,61440.0,61440.0,0.06448190498644348,1,8,1.1111111111111112,5.0,18,64,36864.0,4096.0,2,0.0,18.639013320759165,4096.0,kv_preload|query_stream|online_softmax_accum|final_normalize|writeback,632459.0,40960.0,1167360.0,0.9998897161713249,0.0,int8,8,128,0.05263157894736842,1.5,0.9354078111848815
8x8,74752.0,8704.0,0.0,0.0786569867433755,score_gemm|softmax_reduce|value_gemm|writeback,25840.0,83456.0,83456.0,0.4452012383900929,1,1,0.5680933852140078,17.0,19,64,131584.0,512.0,2,0.0,12.71342879256966,16384.0,kv_preload|query_stream|online_softmax_accum|final_normalize|writeback,328515.0,132096.0,805376.0,0.9999360759782658,0.0,int8,8,512,0.10362364907819453,0.6317829457364341,0.5547348375881729
16x16,10240.0,1536.0,0.0,0.0644671418424082,score_gemm|softmax_reduce|value_gemm|writeback,2632.0,11776.0,11776.0,0.135258358662614,1,1,0.6060606060606061,3.0,2,64,16896.0,512.0,2,0.0,15.511778115501519,2048.0,kv_preload|query_stream|online_softmax_accum|final_normalize|writeback,40827.0,17408.0,102912.0,0.5123937590320131,0.0,int8,8,64,0.11442786069651742,0.6764705882352942,0.37713540036939913
16x16,74752.0,8704.0,0.0,0.0651103848878984,score_gemm|softmax_reduce|value_gemm|writeback,20860.0,83456.0,83456.0,0.1318312559923298,1,1,0.5680933852140078,17.0,20,64,131584.0,512.0,2,0.0,15.358533077660594,16384.0,kv_preload|query_stream|online_softmax_accum|final_normalize|writeback,320379.0,132096.0,805376.0,0.5127661301146454,0.0,int8,8,512,0.10362364907819453,0.6317829457364341,0.38093487412231564
32x32,74752.0,8704.0,0.0,0.05864715342350625,score_gemm|softmax_reduce|value_gemm|writeback,18562.0,83456.0,83456.0,0.03622993211938369,1,1,0.5680933852140078,17.0,21,64,131584.0,512.0,2,0.0,17.051125956254715,16384.0,kv_preload|query_stream|online_softmax_accum|final_normalize|writeback,316503.0,132096.0,805376.0,0.25970399569672326,0.0,int8,8,512,0.10362364907819453,0.6317829457364341,0.22347406357733957
8x8,102400.0,34816.0,0.0,0.08171403408493484,score_gemm|softmax_reduce|value_gemm|writeback,103360.0,137216.0,137216.0,0.4452012383900929,1,4,0.7692307692307693,17.0,22,64,133120.0,2048.0,2,0.0,12.237799922600619,16384.0,kv_preload|query_stream|online_softmax_accum|final_normalize|writeback,1264899.0,135168.0,2435072.0,0.9999335915357669,0.0,int8,8,512,0.056349873843566024,1.0151515151515151,0.554732353145674
16x16,102400.0,34816.0,0.0,0.059275289100694954,score_gemm|softmax_reduce|value_gemm|writeback,74504.0,137216.0,137216.0,0.17534629013207345,1,4,0.7692307692307693,17.0,23,64,133120.0,2048.0,2,0.0,16.87043648663159,16384.0,kv_preload|query_stream|online_softmax_accum|final_normalize|writeback,1256915.0,135168.0,2435072.0,0.9999641980563523,0.0,int8,8,512,0.056349873843566024,1.0151515151515151,0.8246179079242788
32x32,102400.0,34816.0,0.0,0.05403034051924579,score_gemm|softmax_reduce|value_gemm|writeback,67738.0,137216.0,137216.0,0.06274174023443267,1,4,0.7692307692307693,17.0,24,64,133120.0,2048.0,2,0.0,18.508119519324456,16384.0,kv_preload|query_stream|online_softmax_accum|final_normalize|writeback,1253703.0,135168.0,2435072.0,0.9999721824068379,0.0,int8,8,512,0.056349873843566024,1.0151515151515151,0.9372304421724053
8x8,139264.0,69632.0,0.0,0.08224679529133914,score_gemm|softmax_reduce|value_gemm|writeback,206720.0,208896.0,208896.0,0.4452012383900929,1,8,1.0303030303030303,17.0,25,64,135168.0,4096.0,2,0.0,12.158528444272445,16384.0,kv_preload|query_stream|online_softmax_accum|final_normalize|writeback,2513411.0,139264.0,4608000.0,0.9999331585641982,0.0,int8,8,512,0.04533333333333334,1.5,0.5547319201741052
16x16,139264.0,69632.0,0.0,0.05946915652120121,score_gemm|softmax_reduce|value_gemm|writeback,149008.0,208896.0,208896.0,0.17534629013207345,1,8,1.0303030303030303,17.0,26,64,135168.0,4096.0,2,0.0,16.815439439493183,16384.0,kv_preload|query_stream|online_softmax_accum|final_normalize|writeback,2505635.0,139264.0,4608000.0,0.9999640809615128,0.0,int8,8,512,0.04533333333333334,1.5,0.8246177908294393
32x32,139264.0,69632.0,0.0,0.05411881163596794,score_gemm|softmax_reduce|value_gemm|writeback,135476.0,208896.0,208896.0,0.06274174023443267,1,8,1.0303030303030303,17.0,27,64,135168.0,4096.0,2,0.0,18.47786323776905,16384.0,kv_preload|query_stream|online_softmax_accum|final_normalize|writeback,2503307.0,139264.0,4608000.0,0.9999721368573651,0.0,int8,8,512,0.04533333333333334,1.5,0.9372303966229324
8x8,148480.0,16896.0,0.0,0.07868392779585337,score_gemm|softmax_reduce|value_gemm|writeback,51632.0,165376.0,165376.0,0.44468546637744033,1,1,0.5653021442495126,33.0,28,64,262656.0,512.0,2,0.0,12.709075766966222,32768.0,kv_preload|query_stream|online_softmax_accum|final_normalize|writeback,656195.0,263168.0,1608192.0,0.9999679973178704,0.0,int8,8,1024,0.10283349251830627,0.6284046692607004,0.5552825309404301
16x16,148480.0,16896.0,0.0,0.06515729049943192,score_gemm|softmax_reduce|value_gemm|writeback,41692.0,165376.0,165376.0,0.13158399692986664,1,1,0.5653021442495126,33.0,29,64,262656.0,512.0,2,0.0,15.347476734145639,32768.0,kv_preload|query_stream|online_softmax_accum|final_normalize|writeback,639867.0,263168.0,1608192.0,0.512793283604249,0.0,int8,8,1024,0.10283349251830627,0.6284046692607004,0.38120928667438236
32x32,10240.0,1536.0,0.0,0.057629209325274454,score_gemm|softmax_reduce|value_gemm|writeback,2336.0,11776.0,11776.0,0.03767123287671233,1,1,0.6060606060606061,3.0,3,64,16896.0,512.0,2,0.0,17.352311643835616,2048.0,kv_preload|query_stream|online_softmax_accum|final_normalize|writeback,40535.0,17408.0,102912.0,0.2594571049710127,0.0,int8,8,64,0.11442786069651742,0.6764705882352942,0.2217858720943004
32x32,148480.0,16896.0,0.0,0.058721781308603484,score_gemm|softmax_reduce|value_gemm|writeback,37106.0,165376.0,165376.0,0.03612623295423921,1,1,0.5653021442495126,33.0,30,64,262656.0,512.0,2,0.0,17.029456152643778,32768.0,kv_preload|query_stream|online_softmax_accum|final_normalize|writeback,631895.0,263168.0,1608192.0,0.25972209583870737,0.0,int8,8,1024,0.10283349251830627,0.6284046692607004,0.22359586288446814
8x8,200704.0,67584.0,0.0,0.08174577384149487,score_gemm|softmax_reduce|value_gemm|writeback,206528.0,268288.0,268288.0,0.44468546637744033,1,4,0.7596899224806202,33.0,31,64,264192.0,2048.0,2,0.0,12.23304830337775,32768.0,kv_preload|query_stream|online_softmax_accum|final_normalize|writeback,2526467.0,266240.0,4859904.0,0.9999667519900319,0.0,int8,8,1024,0.05520438263801096,1.0076923076923077,0.5552812856125916
16x16,200704.0,67584.0,0.0,0.0593301732747319,score_gemm|softmax_reduce|value_gemm|writeback,148936.0,268288.0,268288.0,0.17494762851157544,1,4,0.7596899224806202,33.0,32,64,264192.0,2048.0,2,0.0,16.854830262663157,32768.0,kv_preload|query_stream|online_softmax_accum|final_normalize|writeback,2510291.0,266240.0,4859904.0,0.9999820737914449,0.0,int8,8,1024,0.05520438263801096,1.0076923076923077,0.8250344452798695
32x32,200704.0,67584.0,0.0,0.05410903709693594,score_gemm|softmax_reduce|value_gemm|writeback,135434.0,268288.0,268288.0,0.06245108318442932,1,4,0.7596899224806202,33.0,33,64,264192.0,2048.0,2,0.0,18.481201175480308,32768.0,kv_preload|query_stream|online_softmax_accum|final_normalize|writeback,2502983.0,266240.0,4859904.0,0.9999860666253026,0.0,int8,8,1024,0.05520438263801096,1.0076923076923077,0.9375349834408734
8x8,270336.0,135168.0,0.0,0.08227940009119226,score_gemm|softmax_reduce|value_gemm|writeback,413056.0,405504.0,405504.0,0.44468546637744033,1,8,1.0153846153846153,33.0,34,64,266240.0,4096.0,2,0.0,12.153710392779672,32768.0,kv_preload|query_stream|online_softmax_accum|final_normalize|writeback,5020163.0,270336.0,9195520.0,0.999966534951156,0.0,int8,8,1024,0.044097995545657014,1.5,0.5552810685737156
16x16,270336.0,135168.0,0.0,0.059524458978916686,score_gemm|softmax_reduce|value_gemm|writeback,297872.0,405504.0,405504.0,0.17494762851157544,1,8,1.0153846153846153,33.0,35,64,266240.0,4096.0,2,0.0,16.799816699790515,32768.0,kv_preload|query_stream|online_softmax_accum|final_normalize|writeback,5004195.0,270336.0,9195520.0,0.99998201508934,0.0,int8,8,1024,0.044097995545657014,1.5,0.8250343865777646
32x32,270336.0,135168.0,0.0,0.054197761362015186,score_gemm|softmax_reduce|value_gemm|writeback,270868.0,405504.0,405504.0,0.06245108318442932,1,8,1.0153846153846153,33.0,36,64,266240.0,4096.0,2,0.0,18.45094658652923,32768.0,kv_preload|query_stream|online_softmax_accum|final_normalize|writeback,4997771.0,270336.0,9195520.0,0.9999860437783163,0.0,int8,8,1024,0.044097995545657014,1.5,0.9375349605938871
8x8,16384.0,6144.0,0.0,0.0812782949443261,score_gemm|softmax_reduce|value_gemm|writeback,13088.0,22528.0,22528.0,0.45232273838630804,1,4,0.8888888888888888,3.0,4,64,18432.0,2048.0,2,0.0,12.30340770171149,2048.0,kv_preload|query_stream|online_softmax_accum|final_normalize|writeback,161027.0,20480.0,313344.0,0.9994783483515187,0.0,int8,8,64,0.0718954248366013,1.1,0.5471556099652106
16x16,16384.0,6144.0,0.0,0.05852282302713297,score_gemm|softmax_reduce|value_gemm|writeback,9376.0,22528.0,22528.0,0.18088737201365188,1,4,0.8888888888888888,3.0,5,64,18432.0,2048.0,2,0.0,17.087350682593858,2048.0,kv_preload|query_stream|online_softmax_accum|final_normalize|writeback,160211.0,20480.0,313344.0,0.9997191204099594,0.0,int8,8,64,0.0718954248366013,1.1,0.8188317483963075
32x32,16384.0,6144.0,0.0,0.05295703779353979,score_gemm|softmax_reduce|value_gemm|writeback,8504.0,22528.0,22528.0,0.06679209783631232,1,4,0.8888888888888888,3.0,6,64,18432.0,2048.0,2,0.0,18.883231420507997,2048.0,kv_preload|query_stream|online_softmax_accum|final_normalize|writeback,160583.0,20480.0,313344.0,0.999782822590187,0.0,int8,8,64,0.0718954248366013,1.1,0.9329907247538747
8x8,24576.0,12288.0,0.0,0.08179923313218938,score_gemm|softmax_reduce|value_gemm|writeback,26176.0,36864.0,36864.0,0.45232273838630804,1,8,1.2,3.0,7,64,20480.0,4096.0,2,0.0,12.22505348410758,2048.0,kv_preload|query_stream|online_softmax_accum|final_normalize|writeback,320003.0,24576.0,593920.0,0.9994750049218288,0.0,int8,8,64,0.06206896551724138,1.5,0.5471522665355208
16x16,24576.0,12288.0,0.0,0.05871100048529251,score_gemm|softmax_reduce|value_gemm|writeback,18752.0,36864.0,36864.0,0.18088737201365188,1,8,1.2,3.0,8,64,20480.0,4096.0,2,0.0,17.032583191126278,2048.0,kv_preload|query_stream|online_softmax_accum|final_normalize|writeback,319395.0,24576.0,593920.0,0.9997182172544968,0.0,int8,8,64,0.06206896551724138,1.5,0.8188308452408449
32x32,24576.0,12288.0,0.0,0.053042092493084385,score_gemm|softmax_reduce|value_gemm|writeback,17008.0,36864.0,36864.0,0.06679209783631232,1,8,1.2,3.0,9,64,20480.0,4096.0,2,0.0,18.852951552210726,2048.0,kv_preload|query_stream|online_softmax_accum|final_normalize|writeback,320651.0,24576.0,593920.0,0.999782473779904,0.0,int8,8,64,0.06206896551724138,1.5,0.9329903759435917
